title,subreddit
Sleight of Mouth,NLP
Can anyone help me understand this question,NLP
5 NLP Sports Coaching Questions (Clifford Stark),NLP
The 12 Rules of Life Mastery ( Master Practitioner Level ),NLP
Presuppositions Of NLP 2.0 Episode 4 - event link in comment,NLP
Modelling Project Presentations,NLP
How to resolve a conflict in 5 mins,NLP
Perception and Gratefulness,NLP
NLP as alternative treatment for schizophrenia.,NLP
NLP with Aphantasia ( I can't create mental pictures),NLP
Techniques/Features to quantify journalism quality,NLP
How to resolve a conflict in 5 mins,NLP
Presuppositions of NLP2 0 Episode 3,NLP
The Sales and Game (NLP and Selling),NLP
Advanced Negotiation Skills & Strategies,NLP
Materials on Knowledge extraction,NLP
Executive Leadership,NLP
Sometimes we need to take a deep meditation without thinking about the past and future situation.,NLP
"A small, a bit silent community ...",NLP
What is NLP,NLP
NLPs Clever Hans Moment has Arrived,NLP
Reframing Bad Emotional States,NLP
Bored in life and thinking about doing an NLP course - any tips?,NLP
You cannot step twice in the same river | DorisNLP,NLP
Feelings and Emotions |dorisnlp,NLP
"Vergeben, Verzeihen, Vergessen",NLP
NLP Foundation &amp; NLP Master,NLP
Certified NLP Program in Dubai,NLP
The Presuppositions Of NLP2.0 - Episode 2,NLP
"Hypnosis, Finally explained | Ben Cale | TEDxTechnion",NLP
The secret codes,NLP
Decently priced weekend trainings/classes? I don’t like online learning btw.,NLP
The Presuppositions Of NLP 2.0,NLP
"Questions That Uncover Hidden ""Motives""",NLP
"Negative Self Talk * What it is, isn't, and how to Shift",NLP
Approach anxiety and general attraction,NLP
Anchoring myself,NLP
Patience | Dr. Doris NLP Master Trainer & Master Coach,NLP
Submodalitäten: Assoziiert / Dissoziiert,NLP
Derek Rake,NLP
Conscious Training Of The Unconscious Mind?,NLP
German Political Speeches Corpus and Visualization,NLP
Should I learn hypnosis or nlp first?,NLP
Fantastic testimony to the power of NLP and Time Line Therapy(R),NLP
NLP Trainers Training,NLP
Anchoring help,NLP
NLP TRAINERS TRAINING TIPS,NLP
Aren't you bothered by the posts about Natural Language Processing?,NLP
How to bring NLP into exterior/interior spaces?,NLP
The Presuppositions of NLP 2.0 Live,NLP
Reality,NLP
11 rules that change my life,NLP
Advice You Didn’t Know You Needed To Hear,NLP
Is self hypnosis effective?,NLP
Intro books,NLP
NLP Metaprograms - Episode 21,NLP
Fear of Cancer Therapy,NLP
Transforming self sabotage into success,NLP
Belief Change - what to do if you can't elicit a picture,NLP
noob,NLP
Ericksonian Hypnosis book up for grabs - selling off more of my way-too-large library of NLP & Hypnosis stuff,NLP
A Date With Excellence - Live From David's House - webinar link in comments,NLP
Being Pushed Out Therapy,NLP
12 Key things to motivate and persuade an audience webinar. Link in comment,NLP
Intuition: Höre auf Dein Bauchgefühl,NLP
The Brilliance of NLP Streamlines Daily Life of Tech-Accustomed People | Analytics Insight,NLP
How do you trick yourself to become naturally confident?,NLP
Mirroring and matching question,NLP
Some NLP Books Light on the Jargon?,NLP
What causes binge eating disorder and How NLP can help with binge eating | Infographics | Matthew Tweedie Hypnosis,NLP
An amazing nlp technique to kill your cravings.,NLP
“The Rainbow Machine – Tales from a Neurolinguist’s Journal” by Andrew T. Austin for less than 1 pound for a limited time only.,NLP
Immer gute Laune haben – Wie geht das?,NLP
Looking for real life NLP Success stories,NLP
Why don't people believe NLP?,NLP
Advanced books suggestions,NLP
Question to Elicit Core Value,NLP
💙Design Your Paradigm Eutaptics Certified Tapping Coach EFT/NLP Certified 💙,NLP
Atem ist Leben!,NLP
Good introduction articles to NLP...[not mine],NLP
Please interpret,NLP
Why does Wikipedia say NLP is not scientific? What’s some important concepts on Neuro Linguistic Programming one should know ?,NLP
Many Bandler/Grinder Early NLP Developer Videos for sale,NLP
There should be a HUGE banner saying Neuro Linguistic Programming to lessen the confusion with natural language processing. Please upvote so the mods see it.,NLP
Rare Richard Bandler Video Set - if anyone's interested. More info in comment below.,NLP
RAS and Meta Programmes,NLP
Ohne Worte: Nonverbale Kommunikation!,NLP
Robert Lifton on destructive cults,NLP
NLP for becoming open/stopping limiting beliefs to romantic relationships,NLP
Loving Core Transformations... other recommendations?,NLP
Help with the correct and complete MP3 of Tape 7 of the following,NLP
Past: A picture is worth a thousand words! Present: A word is worth a thousand pictures!!,NLP
Free NLP webinar with David Shephard,NLP
Questions about a project.,NLP
Extract medical data from journal,NLP
3 Schritte: Komm in den FLOW-Anleitung,NLP
NLP 2.0,NLP
[INTERVIEW] How To Solve The Biggest Problem For All NLP Coaches,NLP
Emotional Intellegence A Tool For Mental Stability,NLP
Neuro-linguistic Programming For Dummies is 32% off,NLP
🔥 [INTERVIEW] How to Achieve Lasting and Positive Change,NLP
How To Speak Like A Leader In A Meeting,NLP
I've heard mixed Reviews of the efficacy/realness of NLP...,NLP
Techniques,NLP
FLOW – Fokus und Glücksgefühl,NLP
Public Speaking in Malaysia | NLP Courses Malaysia | Corporate Trainings Malaysia | Leadership Program Malaysia | NLP Courses,NLP
Self Pacing & Leading ?,NLP
How do/did you practice NLP?,NLP
Looking for Derek Rake products ( Primarily texting on steroids 2.0 ).,NLP
Sound familiar and/or like NLP? Aspergers man possibly using some Seduction/manipulation techniques or else I am paranoid and delusional,NLP
NLP Material,NLP
NLP Metaprograms - Episode 20 - Attention Direction,NLP
Free event! https://go.performancepartnership.com/sex-money-power,NLP
"Sex, Money, Power - Meet NLP 2.0, the complete solution that energises and empowers your body, heart and mind",NLP
books on NLP,NLP
What's the best technique to tackle flying phobia rooted in lack of control?,NLP
Did my therapist try anchoring in my session?,NLP
Where to begin using NLP from?,NLP
OVERCOMING DEPRESSION | NLP PATTERN INTERRUPTS WEBINAR | LIFE COACH | JAMES PESCH | KINESTHETIC MAP,NLP
NLP Based Phobia or FEAR Cure,NLP
eye accessing cues- are there any besides the typical ones?,NLP
Forgetting to use NLP in everyday life,NLP
NLP Metaprograms - Episode 19 - Modal Operator Sequence,NLP
Can NLP not work in other Cultures?,NLP
Need name of floor exercise used to change a limiting belief.,NLP
NLP Master Practitioner & NLP Master Coach,NLP
Einfach mit dem Rauchen aufhören,NLP
NLP Metaprograms - Episode 18 - Time Storage Filter,NLP
Why doesn’t Neuro-Linguistic Programming give this subreddit to Natural Language Processing?? It is far more popular and I am tired of commenting “wrong sub” on posts,NLP
"Any NLP tricks to visual anchoring,",NLP
NLP Hypnosis,NLP
what is nlp?,NLP
NLP Techniques,NLP
How to be socially confident in my native language?,NLP
Get a summary of virtually anything in seconds with SummarizeBot,NLP
NLP Metaprograms - Episode 17 - Emotional Stress Response,NLP
NLP Secrets of Influence and Persuasion – Part 2,NLP
NLP Techniques | 85 Essential Neuro Linguistic Programming Techniques,NLP
Is it normal to oppose against everything that is suggested to someone?,NLP
NLP Secrets of Influence and Persuasion,NLP
NLP Metaprogramme 9: Autoritätskriterien,NLP
NLP Metaprograms - Episode 16 - Relationship Filter,NLP
ICF Accredited Coach Training in India,NLP
Predict what DJT was about to say based on his past public statements ?,NLP
NLP Techniques,NLP
NLP Training in Bangalore,NLP
Neuro Linguistic Programming,NLP
Best nlp trainer,NLP
L. Michael Hall books read in order?,NLP
NLP Training in India,NLP
"Let’s take it offline | Brain, Mind and Language",NLP
NLP Trainer Course in India,NLP
Ideas needed,NLP
NLP Metaprogramme 8: Notwendigkeit / Annehmlichkeit,NLP
NLP Metaprograms - Episode 15 - Chunk Size Filter,NLP
NLP Metaprograms - Episode 15 - Chunk Size Filter,NLP
Looking to do a PhD In CS with NLP as main core,NLP
NLP pricing. Help a sista out.,NLP
What might be wrong with this picture?,NLP
Looking for suggestions,NLP
A banner change is needed on this sub,NLP
NLP for search engine optimization purposes,NLP
Was ist Hypnose und wie funktioniert sie?,NLP
NLP Metaprograms - Episode 14 - Work Affiliation Filter,NLP
Latest update on the Netflix Of NLP,NLP
"Sex, Stalking and NLP Training",NLP
Catatrophisation,NLP
NLP Training in India | NLP Trainer Boot Camp,NLP
NLP Entscheidungshierarchie für Deinen gesunden Körper,NLP
Suggest the best algorithm to use.,NLP
NLP Metaprograms - Episode 13 - Work Affiliation Filter,NLP
NLP Metaprograms - Episode 12 - Action Filter,NLP
NLP Metaprogram - Episode 11 - Management Direction Filter,NLP
NLP and Unemployment,NLP
"NLP Coaching India, Life Coach | Insight Life Coaching",NLP
First CD of NLP Practitioner home study program for FREE!,NLP
Loads of free NLP/hypnosis downloads,NLP
Do you know the difference between NLP and Hypnosis?,NLP
NLP Metaprogramme 7: Proaktiv – Reaktiv,NLP
Best Anil Thomas NLP Training In Mumbai,NLP
NLP Metaprograms - Episode 10 - Convincer Demo,NLP
Better NLP (experimental),NLP
Boost Your Self Confidence - Hypnosis,NLP
NLP Master Practitioner - Salus Academy,NLP
Mirroring & Matching | NLP Sensory Acuity | Emotional Intelligence,NLP
"There is No Failure, ONLY Feedback.",NLP
:),NLP
Deloitte Legal Holds NLP Challenge To 'Understand' Legislation,NLP
NLP Metaprograms FREE download.,NLP
NLP Metaprograms - Episode 9 - Convincer Representation,NLP
NLP Metaprograms - Episode 8 - Frame Of Reference,NLP
NLP and Hypnotherapy Courses - Salus Academy,NLP
Mindfulness and success in business,NLP
Pacing & Leading | NLP | Persuasion & Influence,NLP
"If charisma can be taught, why are so many NLP experts so awkward?",NLP
What is anxiety? How to overcome anxiety?,NLP
Is empathy logical in Coaching?,NLP
How the FBI uses NLP on YOU | Neuro-Linguistic Programming,NLP
Suggestions on removing a mental block,NLP
HMS Therapist Training Cornwall,NLP
Vom Pessimismus zum Optimismus,NLP
"Mind-Reading: Avoid This Common Trap to Improve Your Communication Skills - ""In psychology, mind-reading is when we try to infer what is going on in someone's mind without asking them to clarify. It's a common trap in relationships that often leads to miscommunication and misunderstanding.""",NLP
The Problem with Negation Words,NLP
NLP Metaprogramme 6: Probleme vermeiden / auf Ziele hin ausrichten,NLP
NLP Metaprograms - Episode 7 - Reason Filter,NLP
Best books/courses to learn NLP?,NLP
[Ideas] Framework for studying code mixing,NLP
Conversational Interfaces:The Future of UI [+6 Use Cases],NLP
Hypnosis and Subconscious: the KEY to Changing Your Life,NLP
Will anchoring bring back a memory or a mental state?,NLP
How can I find a NLP 1-on-1 coach thats not an online coach?,NLP
"[trade]looking for Derek Rake's Shogun Sequences 2.0, Shogun Sequences Over Text 2.0 and Reseduction 2.0",NLP
Perfektionismus – muss das sein?,NLP
Group Anchors?,NLP
NLP Metaprograms - Episode 6 - Motivation Direction,NLP
PART 2 DAMON CART OF NLP GYM | NEUROLINGUISTIC PROGRAMMING | PHILOSOPHY | SELF HELP| MIND MASTERY,NLP
Positive Intent: Everyone is Always Doing Their Best ⋆ James Pesch NLP Presuppositions,NLP
A Conversation with Damon Cart | NLP Gym,NLP
the FASTEST THERAPY IN THE WORLD FOR addiction PART 2,NLP
The Fastest Therapy for Addiction in the World PART 1,NLP
How To Communicate Using Hypnotic Language Without Fear? - Masterclass,NLP
WHAT IS EMOTIONAL INTELLIGENCE | SENSORY ACUITY NLP | MIRRORING & MATCHING | EYE MOVEMENTS LIFE,NLP
What is NLP?,NLP
The NLP Metaprograms - Episode 5 - Adaptation Operator,NLP
NLP Master Class tomorrow! Register for The Free Masterclass How To Communicate Using Hypnotic Language Without Fear,NLP
The Foundations Of “Hypnotic-Based NLP”,NLP
2 Minute Stress Release Therapy,NLP
"Can covert NLP in other persons be noticed, even if they never heard of it before?",NLP
Mehr Charakterstärke für Dich,NLP
BODY CONFIDENCE HMS THERAPY,NLP
Well Formed Outcomes,NLP
Meta Models of Reality,NLP
Request for advice on habit / compulsion removal,NLP
NLP Metaprograms - Episode 4 - Internal State,NLP
Neuro-Linguistic Programming - The Difference that Makes the Difference.,NLP
Fear of Success HMS Therapy,NLP
Any feedback on Mike Bundrant's Master Practitioner Training through iNLP?,NLP
NLP and anxiety,NLP
NLP Coaching - ChangeWorx,NLP
Some help of Implementation of TextRank ALgorithm...,NLP
GET PAID MORE Self Worth Therapy,NLP
NLP Magick - learn why the first book about NLP was called The Structure of Magic,NLP
Bad memory - how to 'delete'?,NLP
NLP Metaprogramme 4: Überblicksortierer / Detailsortierer,NLP
Coaching session using NLP,NLP
NLP Metaprograms - Episode 3 - Internal Process,NLP
Free NLP Course - Salus Academy,NLP
My thoughts on NLP,NLP
Shannon.AI’s Glyce Masters 13 Chinese NLP Tasks,NLP
Building a Better Profanity Detection Library with scikit-learn,NLP
Guidance to help a friend overcome anxiety?,NLP
FREE NLP Introduction CD from David Shephard,NLP
NLP Metaprograms - Episode 2 - External Behaviour,NLP
"Kinder, wie die Zeit vergeht!",NLP
Do you need more clients?,NLP
New to NLP – Reading material/exercises to overcome stress/anxiety when interacting with people,NLP
NLP Metaprograms Episode 1,NLP
NLP Metaprograms Episode 1,NLP
NLP Fans,NLP
Tech Giants Experiment Potency of NLP; Assay for Potential Applications of Technology,NLP
Interner Dialog: Folge Deiner inneren Stimme,NLP
A comprehensive guide to NLP,NLP
Having a practitioner in NLP is like...,NLP
Tips from a not-for-profit standard early adopter - nlpcoach,NLP
NLP and Hypnotherapy Practitioner - Salus Academy,NLP
What are some good Python libraries for text summarisation?,NLP
Integrative NLP & Hypnotherapy - Salus Academy,NLP
Integrative NLP & Hypnotherapy - Salus Academy,NLP
NLP Therapists in Melbourne (Australia),NLP
NLP Learning Series: Text Preprocessing Methods for Deep Learning,NLP
NLP Business Development. Beat Your Sales and Revenue Targets,NLP
Best Executive Coach in India - Vikramdhar,NLP
ICF approved Coach Program - NLP Coaching Academy,NLP
[TRADE]I have all of DEREK RAKE's products,NLP
How well might the RRG and Patom approach to NLP compete with state of the art machine learning methods?,NLP
NLP Metaprogramme 3: Zufallssortierer / Sequentialsortierer,NLP
"NLP resources that are a little more rational and less ""feel good""?",NLP
Students Realign Their Brains with NLP Life Training,NLP
Hypnose #4: Posthypnotische Suggestionen und Aufwecken,NLP
Video: Client Session - resolving fear of flying (Trailer),NLP
Best NLP Training in India by Transhuman Consulting,NLP
"""7 Steps for a Guilt-Free 2019"" — Inspired by Steve Andreas' regret resolution pattern",NLP
Leadership Coaching by the Best NLP Trainer in India | Transhuman Consulting |,NLP
Derren Brown:Tricks of the mind.,NLP
NLP Training in India – 5 Most Important Reasons why NLP Training Fails in India,NLP
Can the moderators help clarify the purpose of this sub? Lately there have been as many posts about Natural Language Processing as there are about Neurolinguistic Programming.,NLP
"Need help with reparenting a memory and/or believe, any skilled practitioners able to help me over the phone or video chat?",NLP
Finding a state of mind - need your help,NLP
Hypnose #3: Die Trance Utilisierung,NLP
Some Anchoring and a little bit of Neuroscience,NLP
NLP Techniques To Get What You Want: Rewire Your Mind,NLP
Worst Case und Best Case Sortierer,NLP
Get Live NLP Training at Symbiosis Coaching,NLP
NLP Training at Symbiosis Coaching,NLP
Photo Reading - Have you seen anyone demonstrating this ability?,NLP
"Resolving ""I don't belong"" in one session + followup - Decision Destroyer",NLP
What are some good subreddits to practice asking meta model questions?,NLP
Does anyone else use physical triggers for emotional states?,NLP
Anchoring,NLP
Persuasive material,NLP
Sleight Of Mouth Patterns and Communication Patterns in Psychiatric Settings,NLP
how to tell if an assertion is common sense knowledge?,NLP
"Self-Awareness and Behavioral Patterns: Generalization, NLP | Psychology...",NLP
Can I self study an intro course?,NLP
Accidental post-hypnotic suggestion,NLP
I need your help fellow NLP practitioners,NLP
Since the sub is kinda slow (dead?) I'll post my own personal NLP strategy that has helped me out. Hope it can help another :),NLP
The social politics of the NLP scene,NLP
"Black Friday: Kaufen, bis die Schwarte kracht?",NLP
CREATING A WINNERS MINDSET | INTENTIONAL PREFRAMING | NLP | LIFE COACH |...,NLP
"Recursive Frame Analysis on ""One Flew Over the Cuckoo's Nest""",NLP
"Are you interested in NLP and want to start learning more with Tutorials? Check out this new Youtube Channel, called Discover Artificial Intelligence. :)",NLP
NLP Certification,NLP
On the issue of guilt,NLP
"The ""tea or coffee?"" bind.",NLP
Masters Of Influence now available online!,NLP
Requesting free video resources to learn NLP,NLP
Online NLP Resource,NLP
NLP Strategy for Prepping for Fasting.,NLP
Mindfulness,NLP
Self Point: Isn’t it Super Obvious?,NLP
102 Neuro-Linguistic Programming eBooks,NLP
"How Can Derren Brown Do This? Is This Hypnotism, NLP,Suggestion? Is Derren Just Rearranging This Man's Thought Patterns? Brown Seems Like He Can Do What Therapists Try To Do In A Matter Of Minutes.",NLP
Which Milton Erickson book?,NLP
NLP for stressed teachers,NLP
NLP training in education,NLP
NLP for Educators,NLP
How valid and proven is NLP? Where to learn?,NLP
hypnotherapy hertfordshire,NLP
nlp hertfordshire,NLP
nlp for confidence north london,NLP
Neuro Linguistic Programming Techniques for Self Acceptance,NLP
Aufschieberitis ist nur die eine Seite,NLP
Happy Halloween from the Power Family and yeah we can fly -,NLP
"Deliberate use of words such as ""opinion"" and ""certainty""",NLP
"Courses, scams?",NLP
Universal Body Language,NLP
NLP| Trans human consulting,NLP
NLP Techniques for Developing Your Auditory Sensory Acuity,NLP
Pattern Interrupts: Interrupt Emotional Triggers,NLP
Affordable internationally accredited online NLP course,NLP
Superb moments are more exciting when we get to share !,NLP
NLP Programs,NLP
Best NLP pattern for weight loss?,NLP
"Since this day , I have developed a multi million dollar company , saved untold numbers of lives and continue to thrive and cause happiness and life all over America . I have also assisted my own children through difficulties and teen years with excellent results . Thank you Kelly Dunn for this gift",NLP
Persuasive Writing Result!,NLP
Share Optimism frames,NLP
"Pacing & Leading is a Powerful Tool that you can use to communicate & to help positively influence others, enjoy!",NLP
Get Certified Diploma in NLP & Psychotherapy - The Salus Acdemy,NLP
Neuro Linguistic Programming,NLP
"This subreddit is for ""Neuro-Linguistic-Programming""",NLP
How NLP can change your life,NLP
Hast Du Angst vor Ablehnung?,NLP
Looking for NLP Training and Courses in Mumbai,NLP
Focus! Focus! Focus! - Romal Surana,NLP
4 Schritte: Lerne aus allen Fehlern,NLP
"I’m pretty sure my girlfriend has been covertly manipulating me. When she does things a certain way, I think a certain thing? What are your thoughts? I can I recognize and protect against this type of thing?",NLP
Hypnosis/NLP To Manifest Romantic Relationships Using The Law Of Attraction,NLP
Online MASTER CLASS - WELL FORMED OUTCOME: GOAL SETTING - Develop an understanding of what you want and how to get that. * GOAL GETTING PROCESS - How to create step-by-step plan to reach to your outcome MAPPING ACROSS aka LIKES TO DISLIKES REFRAMING SWISH PATTERN,NLP
Best scientific books to know more about NLP?,NLP
What are big publicly downloadable categorical grammars for the English language?,NLP
What is this I've discovered,NLP
NLP Certification,NLP
WHAT IS EMOTIONAL INTELLIGENCE | SENSORY ACUITY NLP | MIRRORING & MATCH...,NLP
How closely related is the ability to do nlp naturally and being a sociopath?,NLP
Alles für mehr Gesundheit und Lebenskraft,NLP
Hierarchical Attention Networks for Document Classification with web demo (Pytorch implementation),NLP
Nice to meet,NLP
[Please help] Can you use NLP to change mental associations with music and songs?,NLP
NLP Question,NLP
"I recenlty had the honor of teaching • Mapping Across, • The Swish Pattern, & • Reframing to break Unwanted Habits to a group of Powerful Counselors & Therapists at Improving Lives Counseling Services, Inc. in Tulsa Oklahoma. This is the first part (Mapping Across) of this Workshop *edited",NLP
Any of you have experience with online guidance?,NLP
Audio books,NLP
How Does The Law Of Attraction Works! By Romal Surana,NLP
best nlp trainers in india,NLP
The importance of business-centric NER,NLP
How does NLP work?,NLP
Drawing a blank on what NLP technique this is called.,NLP
The essential guide to NLP,NLP
Was sind Glaubenssätze?,NLP
Best Hypnotherapy Sessions for you in Nashville TN,NLP
The Power of Forgiveness! - Romal Surana,NLP
How to use NLP with Bereveament and get amazing results,NLP
The Power of Forgiveness! - Romal Surana,NLP
A-Z Of NLP Techniques and where to find them in books and trainings,NLP
Conscious and Subconscious Mind - Romal Surana,NLP
Power Of Positive Thoughts!,NLP
Das Dilemma Deiner Unzufriedenheit,NLP
Eye Accessing Cues 🙄😔🧐😶👀,NLP
Verändere Deinen Fokus:Verändere Dein Leben!,NLP
NLP CENTER IN DELHI NCR,NLP
The Power Of Positive Thoughts!,NLP
MIRRORING & MATCHING NLP | MINDFULNESS | NEURO-LINGUISTIC PROGRAMMING SELF HELP | PERSONAL GROWTH,NLP
Powerful Nlp session for self esteem,NLP
How to reprogram your subconscious mind every minute of the day,NLP
Is there any way to alter predictable behavior?,NLP
Havening an NLP Technique for Treating PTSD & Trauma,NLP
A change in perspective can change your life!,NLP
WHAT'S THE PROBLEM? | NLP 6 STEP REFRAME,NLP
How to deal with misspelling/jargon out-of-vocabulary words with social media text when using word embeddings for CNN classifier.,NLP
5 NLP Questions that remove pain,NLP
THE BEST 5 NLP QUESTIONS,NLP
3 ways to stop sabotaging yourself,NLP
SLEIGHT OF MOUTH: POWERFUL NLP TECHNIQUE,NLP
Is that possible to access LDC dataset like ontonotes-5.0 if my school is not a member?,NLP
I'm Online Now,NLP
The Netflix of NLP and Personal Development!,NLP
Advice Wanted: Most useful exercise/information,NLP
How I got unlimited confidence in every area of my life...,NLP
Positive Thinking = Depression | Cognitive Action > Positive Thoughts | NLP,NLP
[SELLING] [WITH PROOF] David Snyder - Self Mastery Supercharger.,NLP
NLP Anchoring: What it is | Why it Works | How to do it,NLP
LDC is expensive,NLP
Unleash Your Inner Hero!,NLP
Please read,NLP
Huge Collection of Courses,NLP
SIRHUD KALRA FRIENDZONE,NLP
NLP techniques to get paid more.,NLP
Anyone need any NLP or Persuasion programs for cheap prices DM me.,NLP
Live NLP Training by Symbiosis Coaching,NLP
How We Create & Maintain Beliefs,NLP
HOW TO CREATE & REACH GOALS | QUICKFIX MIND SHIFT STRATEGY | NLP DEMO | ...,NLP
SELF HELP MAPPING ACROSS | NLP MIND SHIFT STRATEGY | DOUBT & CONFIDENCE ...,NLP
SELF HELP | PERSONAL DEVELOPMENT REFRAMING | STOIC PHILOSOPHY | NLP | CO...,NLP
"SELF HELP | NLP SWISH PATTERN | CHANGE BELIEF, HABIT, BEHAVIOR | MINDSET...",NLP
The Swish Pattern,NLP
SELF HELP WORKSHOP | PERSONAL GROWTH & DEVELOPMENT | MIND SHIFT STRATEGY...,NLP
SELF HELP WORKSHOP | PERSONAL GROWTH & DEVELOPMENT | MIND SHIFT STRATEGY...,NLP
Leader’s Guidance for Your Business Development,NLP
Impact of Business Coaching Over Your Marketing Strategy,NLP
Use NLP to Get Rid of that Annoying Song in Your Head,NLP
Dilts' Logical Levels,NLP
Dilts' Logical Levels,NLP
Find A Key Factor of Measurable Business Solutions,NLP
Behavioral Pattern purview on The Basis of Personality Development,NLP
5 Things Confident People Do,NLP
How Meditation Can Make You Emotionally Stable,NLP
nlp is a great tool,NLP
NLP Discord,NLP
Understand Strategies to Make Better Decisions,NLP
NLP practitioner certification by master trainer Sushil Mehrotra in Pune,NLP
Any NLP discord channel out there?,NLP
NLP Practitioner Certification in Pune,NLP
Remove Old Habits and Unwanted Feelings,NLP
NLP Practitioner Certification in Pune,NLP
NLP Practitioner Certification in Pune,NLP
How to Overcome Interpersonal Conflict,NLP
How can we change the negative beliefs of a friend to a better ones ?,NLP
NLP practitioner certification by master trainer Sushil Mehrotra in Pune,NLP
How to be completely congurent when creating your goals,NLP
Request for clarification,NLP
Are You Hungry? ⋆ James Pesch,NLP
How to Improve your Life Style,NLP
FREE NLP TRAINING,NLP
The Science Behind Relationship Investment,NLP
How Anger and Low Self-Esteem can Boost your Competitive Drive,NLP
3 Ways To Practice Your NLP Skills,NLP
Went to a NLP meetup - got the feeling I was being conned?,NLP
anyone nlp....?,NLP
Belief in Yourself: Mirror Neurons & Modeling,NLP
A Classifier to Distinguish Between Cypriot Greek and Standard Modern Greek,NLP
Love is not an act it is state of being,NLP
The Basic Principles of Language,NLP
NLP tranceactional field,NLP
NLP transeactional field,NLP
How to handle premature ejaculation with NLP,NLP
A Complete Life Coach Certification by a Superior Master Trainer in Delhi,NLP
How to Live Life King Size,NLP
Ban,NLP
Benefits of Business Coaching for your Business,NLP
HOW TO MODEL SUCCESS,NLP
Changing sub modalities on live,NLP
Have you started applying NLP to your Love life?,NLP
"""other modal"" equivalents for this phrase?",NLP
Why Life Coach Certification is Mandatory for Motivation,NLP
"Use Nlp Tools by Joining Practitioner Certification in Delhi, India",NLP
A True Realization Of Life Coaching In Bangalore,NLP
A True Realization of Life Coaching by Sushil Mehrotra in Delhi,NLP
Who am I?,NLP
Allowing Yourself to Be Intentional,NLP
Having a Team Mindset - Visualization Technique,NLP
NLP Master Practitioner Certification by Sushil Mehrotra in Delhi,NLP
A Complete NLP Master Practitioner Certification in Delhi,NLP
Join An Effective NLP Master Practitioner Certification in Delhi,NLP
NLP Master Practitioner Certification by Sushil Mehrotra,NLP
NLP Master Practitioner Certification from WisdomTree Solutions,NLP
Join the NLP Master Practitioner Certification in Delhi,NLP
RSVP to Receive the First 10 Lessons for FREE upon next week's launch!,NLP
Life Coach Certification in Delhi By Sushil Mehrotra,NLP
Putting the missing pieces in puzzled life through NLP,NLP
NLP Master Practitioner Certification by Sushil Mehrotra in Delhi,NLP
I need to feminize my voice,NLP
TWO CERTIFICATES – NLP Master Practitioner Certification & ADVANCED LIFE COACH,NLP
NLP Practitioner Certification in Delhi,NLP
"Date Extended June 05, 2018: 10th International Conference on Intelligent Human Computer Interaction (IHCI 2018)",NLP
Why perplexity has that correlation,NLP
life coach pune .Join us in pune,NLP
How to choose the best life coaching in Mumbai,NLP
Hypnotherapy Training in North London - Salus Academy,NLP
Stop Negative Self Talk,NLP
Get Life Coaching Certification by Sushil Mehrotra,NLP
Increase your Business with Business Coaching,NLP
Where do our beliefs come from?,NLP
"International Dialogue Education Associates, Inc.'s New NLP APP: https://www.facebook.com/InfluencingWithIntegrity/",NLP
Pre-Launch: NLP App with Free Trial,NLP
Recorded NLP sessions?,NLP
Fear of heights quick fix?,NLP
nlp training,NLP
Removing a Phobia of Flying,NLP
In this video I talk about 2 nlp techniques I use to stop my negative thinking,NLP
ARE YOUR BELIEFS LIMITING YOU?,NLP
Why could Knowledge graph benefit Question answering or Chatbot? and how?,NLP
Why does Knowledge graph benefit Question answering or Chatbot? and how?,NLP
The NLP Communications Model explained.,NLP
"New to NLP, discord link broken",NLP
NLP PREFRAMING | THE SECRET OF THE HIGHLY SUCCESSFUL,NLP
HOW TO DEAL WITH A BULLY | NLP REFRAME,NLP
Reframe It!,NLP
NLP Anchoring and drugs,NLP
How to stick to your goals,NLP
✋How to Stop Binge or Emotional Eating🚀,NLP
Help with embedded commands please,NLP
How to STOP Binge Eating,NLP
NLP in New York,NLP
HOW TO LET GO OF A TOXIC PERSON | SITUATION | LEAVE NEGATIVE PEOPLE | MI...,NLP
NLP Training is beneficiary in the professional life,NLP
Emotional Intelligence Certification in Mumba,NLP
Is there any information about the statistical significance of the performance for word embeddings?,NLP
HOW TO BECOME MORE PERSUASIVE | INFLUENTIAL | CONVINCING | NLP | MIND SH...,NLP
Looking for a Discord server on NLP,NLP
NLP Practitioner Certification – Mumbai,NLP
WHAT INSPIRES US? | MIRROR NEURONS | PATTERN & MIND SHIFT STRATEGY | NLP...,NLP
MIRROR TECHNIQUE | HOW TO BREAK SUBSTANCE ABUSE | HABITS | DIET EXERCISE...,NLP
When NLP turns baaad.....,NLP
HOW TO READ EYES | INFLUENCING HUMAN BEHAVIOR | MENTALISM | LINGUISTICS...,NLP
Focus on what you want,NLP
NLP Practitioner Certification in Goa by Doris Greenwood,NLP
What Qualities Make Common Man a Good Leader,NLP
How to indirectly mirror someones breathing while i am speaking?,NLP
How to Become Elite NLP Practitioner,NLP
HOW TO CURE FEAR & PHOBIAS | NLP | REMOVE FEAR | CURE PHOBIA,NLP
HOW TO GAIN CONTROL IN 3 STEPS | NLP | SELF HELP | JAMES PESCH,NLP
How to change yourself.,NLP
Overcome premature ejaculation by anchoring the time of ejaculation,NLP
Sources of NLP for absolute beginners?,NLP
"What Milton model books, websites do you recommend voor an NLP practitioner?",NLP
HOW TO GAIN TRUST using Cold-Reading & Barnum Statements in 4 EASY STEPS,NLP
How to Get Rid of Inferiority Complex with NLP,NLP
Do You Need Life Coaching,NLP
Become a Certified NLP Trainer with Trainer Training Certification,NLP
My Very Own NLP Personal Transformation Story,NLP
"How NLP master coach certification, is useful to us?",NLP
Explore the skill set by NLP master practitioner in Goa,NLP
An absolute NLP trainer training to become a reputed tutor,NLP
How to Spot the Ideal Life Coach,NLP
Entrepreneurship: A New Start of Your Dreams,NLP
How to Fix Self Identity Crisis Through Hypnosis Training,NLP
Four Unparallel Benefits of Business Coaching,NLP
Great Leaders Lead Their Team in Great Way!!,NLP
How Business Coaching Can Help You Grow the Business,NLP
Does Media Makes Us Feel Bad About Our Body,NLP
Help on update on different feature extraction method in NLP,NLP
A Psychological Tool: NLP,NLP
What techniques do people like Tony Robbins use in their work?,NLP
How to get a radical change through Nlp Training in India?,NLP
Why is NLP certification needed for your career perspective?,NLP
NLP certification by highly skilled professionals in Delhi,NLP
Which are the best patterns to improve learning? Are there any specifically designed for language learning?,NLP
Master NLP with Master Coach Certification,NLP
How does one improve results from Amazon Comprehend?,NLP
NLP useful skill to learn to teach kids under 5? im thinking of taking a nlp class in nyc,NLP
not sure if the NLP specialist I'm seeing it very good or very bad...,NLP
Fun with spacial anchoring.,NLP
(Request)David snyder - Real world hypnosis full product,NLP
Using presupposition in affirmations?,NLP
Making a Statement That Bypasses and Makes You Assume Something is True?,NLP
Thomas Björge's Guide to the Third Position,NLP
NLP as a Personality Development Training,NLP
Emotional Intelligence 3 - 7 March Bangalore,NLP
Learn Five Habits of People With High Emotional Intelligence,NLP
Constructing Robust Life by Decoding Life Coaching,NLP
Who are the major NLP teachers? Are there any recommended training programs?,NLP
Learn How to Feel Cool at Work with NLP,NLP
Change Yourself to Change the World with NLP Training,NLP
Emotional Intelligence,NLP
Why NLP Coaching Certification is Different Than Other Courses,NLP
Olfactory anchors?,NLP
Learn How to Manage Emotions with Raised Emotional Intelligence,NLP
Four Habits to Seek in a Life Coach,NLP
Modelling Success?,NLP
Let’s start with the beginning. What is NLP Therapy? This is a misleading question. We can not give it a single definition,NLP
What is Neuro Linguistic Programming - Mindworks NLP Licensed Trainers o...,NLP
What is NLP? Neuro Linguistic Programming,NLP
Curious,NLP
NLP Modelling (more ranting),NLP
Motivation through NLP,NLP
Will knowledge graph be the future of natural language processing？,NLP
NLP Practitioner Certification Course (Beginner to Advanced) is 94% off (promotion),NLP
Seattle NLP Live Training - Licensed Practitioner of NLP April 2018,NLP
Do techniques for erasing memory exist?,NLP
5 Different priceless skills you will learn at the NLP,NLP
NLP issue,NLP
Identifying the Lynchpin in PTSD,NLP
Manipulation levels [[NLP,NLP
What pattern to use to quit watching TV?,NLP
Anxiety around a goal / Get addicted to a goal like to a video game?,NLP
NLP sales techniques,NLP
Any way to become fearless completely?,NLP
[Free File][Patreon Supported][F4M] Morph Girl [Hypnosis][HFO][Fantasy][Monster girl][Relaxing][Music][Binaurals][Long],NLP
Moving on from someone you deeply connected with in the past? Overcoming an obsession?,NLP
what is the NLP model of the mind?,NLP
What have you guys accomplished with NLP?,NLP
"How Do I ""program/refrase"" myself when I see a |pit fractal of emotion | in one of my sentences?",NLP
"""One Flew Over The Cuckoo's Nest"" Recursive Frame Analysis",NLP
Sneaky NLP practices for a Game?,NLP
2 Things NLP Gurus Don't Want You To Know,NLP
Breaking the Rules - NLP Advanced Mastery Training 2009 with Andrew T. Austin,NLP
"NLPers are STILL claiming to be members of the British Board of NLP, over 10 years later...",NLP
Sleight of Mouth Patterns in Schizophrenia,NLP
Accidental Post Hypnotic Suggestions in Clinical Treatment Settings,NLP
How To Change Your Mental State | Modalities Explained,NLP
Best Beginner NLP resources?,NLP
NLP - How To Use A Person's Name For Instant Rapport,NLP
NLP is already a thing? Of course it is.,NLP
Enjoying to work with# NLP at Illuminations,NLP
"'The Map Is Not The Territory' Explained, NLP BASICS",NLP
How to stop unwanted mental-movies,NLP
Precious Emotional Intelligence Learnings when merged with #NLP,NLP
"Wow, I’m blown away with what I’ve seen done with NLP, what are your favorite resources? I want to learn!",NLP
NLP Master Practitioner Certification,NLP
NLP Coaching Level 3,NLP
"“To enjoy good health, to bring true happiness to one's family, to bring peace to all, one must first discipline and control one's own mind. If a man can control his mind he can find the way to Enlightenment, and all wisdom and virtue will naturally come to him.” -Buddha",NLP
Autosuggestion And Reprogramming The Subconscious (Franz Bardon Hermetics),NLP
Was NLP used on me,NLP
best nlp trainers in india,NLP
Bad memories have the power to ruin the present moment and our future. The good news is that you can remove these bad memories instantly with a practical and powerful NLP method.,NLP
NLP Metaphors - The Story of two friends,NLP
Integrative NLP Practitioner Certification® Training - Placing Success in Your Future,NLP
Empowerment Breakthrough Trainings - Clearing Anxiety From Your Future,NLP
"There are 8 ""rules"" in NLP. Here's 4 of them",NLP
I need help with my health ASAP,NLP
What is NLP and Available Certification Courses & Trainings in India,NLP
NLP Coaching Mumbai,NLP
NLP- Learn How To Manage Others By Listening And Talking,NLP
How much should NLP therapy cost?,NLP
Simple Registration For Nlp Certification Bangalore Towards Better Prospects,NLP
The Four Agreements: Best way to be spoken,NLP
Three things that changed my life - Ashish Sehgal - NLP Training and Lif...,NLP
How long does it take to become an advanced NLP practicioner?,NLP
NLP Trainer in India,NLP
Valuable NLP Training in India,NLP
Best Bandler speech/training/presentation? What moved you.,NLP
I want to share all the knowledge that i have in the field of NLP with people and genuinely help them. How can i take this up professionally?,NLP
NLP Training Videos: Triggers & Responses,NLP
Question about voice tone/pausing/volume/speed,NLP
How to Master the Skills of an Expert NLP Practitioner,NLP
Questions regarding the Circle of Excellence technique,NLP
NLP Training in Delhi,NLP
Any POWERFUL NLP techniques about developing a SOLID sense of self. Overcoming social pressures.,NLP
How to Design POWERFUL Presentations using NLP,NLP
Some questions about NLP submodalities,NLP
ESTILO & VIDA: Autoconfianza para enfrentar los grandes momentos,NLP
NLP TRAINING IN DELHI INDIA,NLP
General discussion.,NLP
Are there any dangers of NLP?,NLP
Hi,NLP
Set goals not expectations,NLP
An ultimate technique to repair your mind through emotional intelligence,NLP
Rediscover your inner self through NLP training,NLP
5 amazing skills you must learn at NLP training,NLP
Need guidance on building a NLP model,NLP
"Focus is our inner universe, it always expands",NLP
For the next few weeks the online PTSD treatment course is available for free.,NLP
NLP Certification India,NLP
NLP Coaching Mumbai,NLP
Intention and Open Loops,NLP
Looking for a sub about verbal ticks,NLP
Learn To Attract More Luck In Your Life Using NLP,NLP
Curing a phobia without words.,NLP
Help finding nlp therapist?,NLP
Questions on NLP and if it could help me with my thesis,NLP
What can I usefully watch out for when dealing with an NLP-proficient person?,NLP
"What are stome tips to resist hypnosis, manipulation and persuasion from an NLP-proficient person?",NLP
Is NLP/NeuroLinguisticProgramming still a thing?,NLP
NLP Pratitioner Certification India,NLP
NLP Trainer in India,NLP
"hello, im looking for a nlp practitioner to ask a couple of questions.",NLP
"NLP CLIP: Unlearn ""Learned Helplessness""",NLP
Best NLP Business Practitioner,NLP
Best NLP in business,NLP
Hypnosis- Treat Your Allergy with Self Hypnosis,NLP
Hypnosis – Overcome Guilt Using Self Hypnosis,NLP
Cripple Sex - just an ordinary day in the residential rehab unit... (Blog post),NLP
Hypnosis: End Your Financial Problems Using Self-Hypnosis,NLP
Best Team Coaching,NLP
New Behavior Generator: Guided NLP Walkthrough with Perceptual Positions,NLP
NLP Training,NLP
NLP-Let Go Of Your Past Trauma Using NLP Techniques,NLP
Any one done a seminar like this ot a Tony Robbins one? Which should I choose if I do one next year?,NLP
How to improve public speaking skills,NLP
How To Create A Vision Board To Attract What You Want,NLP
How To Create A Vision Board To Attract What You Want,NLP
Best nlp sales techniques,NLP
"For some people this is the key to becoming aware of their internal representations. If this happens to you, please share!",NLP
Best Neuro Lingusitic Programming in India,NLP
Integrative NLP Training,NLP
The Power of Acceptance with Neuro-Semantic NLP,NLP
"MoM Analysis of a Metaphor - ""I Have No Neck""",NLP
7 Steps to Developing Good Habits for Self and Business Transformation,NLP
Free NLP Crash Course - 15 minutes of watch time,NLP
Tony Robbins Breaks the Science of Achievement Down to 3 Simple Steps,NLP
NLP Certification in Delhi,NLP
NLP and identity/ego/taking things personally,NLP
How to train yourself and train others by mastering NLP,NLP
Best nlp training in mumbai,NLP
NLP Certification Courses India,NLP
"I only really dabble in NLP, but wanted to share this youtube channel, NLP gym. I feel like it really covers all the bases and he doesnt seem to get that many views.",NLP
She's Mirroring him so that's a yes. Right?,NLP
The Problem with Nigel,NLP
How can I improve my approach ?,NLP
How to make an NLP promotional video,NLP
Neuro Linguistic Programming (NLP): Master the language of your brain| SecretSifu,NLP
How an NLP book (Steve Andreas: Transforming Your Self) helped me tackle the causes of my anxiety & depression,NLP
How to Overcome Perfectionism and Take Action,NLP
"Best & Top NLP Trainers training in Delhi, India",NLP
Best nlp store,NLP
Best nlp modelling,NLP
Best coaching certification online,NLP
Derren Brown.,NLP
Creating Characters to combat motivation issues,NLP
Guys i am going to do a NLP training.,NLP
What is NLP? How would you describe in 10 effective words?,NLP
"Creating and Utilizing characters to act as, to conquer motivation issues.",NLP
NLP Certification in Delhi,NLP
Pretty simple explanation... but powerful if executed.,NLP
How could I overcome someone's hatred and/or ignorance?,NLP
What is your essential Neuro Linguistic Programming reading list?,NLP
What is your opinion on escaping the body form of an individual? Are there any techniques that can be used in order to overcome self body shaming?,NLP
Libary for natural language identification in Rust,NLP
NLP Certification in Delhi,NLP
"Ranting Again, this time about fake qualifications...",NLP
New here!,NLP
NLP Essentials Online Course - 70% off,NLP
Best banking training in india,NLP
Best business nlp training,NLP
best nlp trainers in india,NLP
NLP Resource States and How to Find Them,NLP
Intrusive thoughts,NLP
Looking for a NLP Hypnotist,NLP
Chase Hughes of http://www.ellipsisbehavior.com/ Current MK Ultra Programmer with Evidence,NLP
More ranting. This time about NLP Modelling,NLP
Certified nlp master practitioner,NLP
Best hypnosis commands,NLP
Free NLP training pdf,NLP
What are 3 basic language patterns one should start with?,NLP
NLP Love,NLP
NLP technique important for sales and negotiations,NLP
Where do I start?,NLP
NLP and sex?,NLP
Where can I find LISP-formatted thesauruses distributed by Dekang Lin?,NLP
The Current Operations Going On Are Discussed In Some Detail.,NLP
How to Use the NLP Swish Pattern to Redefine Self-Image,NLP
"NLP Certification Courses & training, coaching programs in India",NLP
NLP Ethical Influence Tip: Save the Best for Last,NLP
Yes this official knew some of the darker N.L.P;. patterns.,NLP
"[question] I have really debilitating shy bladder which doesn't allow me to pee in public, can someone recommend a way I can use NLP to overcome this?",NLP
My 3 Question Headache Cure PLUS how I cured a migraine through texting,NLP
"How to use NLP for deeply embodied stuff, even without Internal Representations",NLP
"Psychological Operations, [Psyops] Are Disclosed with the FacTs.",NLP
On Guilt.,NLP
Certified nlp certification,NLP
Media Package,NLP
A Powerful NLP Hypnotic Language Pattern Everyone Should Know,NLP
"Interrogation Techniques and Body Language Reading, with Murray",NLP
"New to NLP, programming with my girlfriend?",NLP
NLP Submodalities: A Guided Experience,NLP
Is NLP a solid science?,NLP
Could use some help getting my viewpoint across to a manipulative person.,NLP
The REAL difference that makes a difference for Lasting Change with NLP,NLP
"People Core Basics Needs, Fears, and how to Exploit Them for Mind Control.",NLP
GRAPHIC Project Monarch Exposed In Detail This Was Hard To Make :(.,NLP
Intro to Self-Actualization for NLPers,NLP
"Here is a list of all the Governors in the U.S.A. Please contact them in a peaceful, respectful m...",NLP
"6/18 New Updated Files on Mind Control, Hypnosis, Intelligence, and Medical.",NLP
"Practical Ways To Stop The N.W.O., The Illuminati, and The Elite, Peacefully.",NLP
MK-Ultra Mind-Control Documentary: Techniques &amp; Celebrities Revealed *WARNING CONTAINS TRIGGERS!*,NLP
The Terrifying Epidemic Of Mind Control Targeting Our Young People Exposed,NLP
NLP Certification,NLP
"*Updated Excellent file with PDF's on Mind Control, Guerrilla Linguistics, Manuals and Survival.",NLP
Anonymous - This is going to Change Everything We Know... (CIA Secrets EXPOSED 2017),NLP
Torture Techniques That Were Used But Not Revealed Until Now.,NLP
Richard Bandler & the Yoghurt Experiment,NLP
"The Symptoms That Come With Being Under Mind Control or Have ""Alters"".",NLP
Great resources for the meta model?,NLP
The Truth about MK Ultra From Myself a Former Programmer. Thanks.,NLP
"A client describing the NLP ""gestalting"" Experience",NLP
NLP Presuppositions Compendium - Free short course about NLP Presuppositions.,NLP
What Are You Missing? NLP for Everyone Series.,NLP
Bandler - State of the Art 1987 - Time Distortion,NLP
"A Treatise on The Work Of Cults, and Their Tactics Â This is a little treatise on Brain Washin...",NLP
Can't Visualize your Internal Representations? You're not alone! [Article below],NLP
How to Change Beliefs Naturally: 4-Step Neuro-Semantic NLP technique,NLP
The Targeting Of College Students For Mind Control Explained.,NLP
Free NLP Practitioner Training Program (17 Modules. 250-Page Workbook),NLP
NEW!! Whatsapp group for NLP & HYpnosis.,NLP
"** SEE PICTURES TO SEE WHAT GROUPS I'M INVOLVED IN, ONE WAS MORE IN THE PAST. Â I've been relucta...",NLP
"A Former Case of mine about ""Jack""",NLP
NLP in India,NLP
Have you noticed changes in your life after studying the Meta Model?,NLP
Description of Evaluation metrics for short answer grading,NLP
Some Black Op Type N.L.P. & Behavioral Engineering,NLP
Einstein and ‘Psychology’ in 7 Powerful Sentences,NLP
Thought Vibrations,NLP
I'm thinking about attending an NLP class here in NYC. Any suggestions or advice? I'm totally new to this. I would be taking it for myself and not using it to coach others...,NLP
6 Models to Take Your NLP & Coaching to the Next Level,NLP
The Meaning of Your Communication is in the Response You Get,NLP
The law of Requisite Variety,NLP
Link to the full vid: https://www.youtube.com/watch?v=xqFo2j50-Vk,NLP
#truth,NLP
Ranting on the relationship between NLP and the 419 Nigerian scam,NLP
The Models of Neuro-Linguistic Programming (NLP),NLP
True Power with NLP,NLP
How to Get Rid of Boredom with NLP,NLP
More ranting - this time I pick on Life Coaches. Grrr!,NLP
NLP Practitioner & Coaching Cert 2017,NLP
Relationship Problems | Experienced NLP Practitioners - Wellthlink,NLP
The Top 3 Myths of NLP Submodalities: Why Submodality Shifts Don't Always Work?,NLP
Enhanced NLP: Moving from Sensory Representations to Frames of Reference,NLP
Tibetan bowls for study,NLP
Modelling Excellence with NLP by Breaking Experience into Pieces,NLP
Characteristics of those achieving mastery,NLP
Modelling Excellence with NLP by Breaking Experience into Pieces,NLP
The most foundational NLP Presupposition: The map is not the territory,NLP
Open NLP Name Finder Model Training Sagar Gole's Blog,NLP
How to advertise your NLP services effectively.,NLP
NLP Discord,NLP
NLP discourse segmentation dataset,NLP
"NLP, Metaphors, Neurology and Depression - video, 20mins",NLP
A lot can happen when one is in a free fall descent following an accident,NLP
Reframing NLP - Learn the Reframing NLP Technique,NLP
NLP Fast Phobia Cure - How to Perform The NLP fast Phobia Cure,NLP
Would you take a drink from the Reverend Jimmy Jones...,NLP
Why no mention of Wiseman's study?,NLP
Saddle Up The Unicorn - Even more blog ranting!,NLP
"""Just a Small Prick"" - more NLP blog ranting",NLP
NLP and hypnotherapy,NLP
Bji,NLP
Institute of Hypnotherapy & NLP,NLP
Any book recommendations in re: Ericksonian Models?,NLP
NLP Training In India,NLP
Something weird and kind of genius (maybe unintentionally so) I've noticed people do.,NLP
NLP - the fastest way to unemployment?,NLP
Furthering my journey of Self Development,NLP
They walk among us.....,NLP
Question: Why isn't there more documentation on practicing NLP on men?,NLP
"Persona Non Grata, who are we permitted to like in NLP?",NLP
NLP in VR Check out this guide to visual sub modalities in Virtual Reality,NLP
NLP in VR,NLP
Hearing metaphoric communication differently...,NLP
The problem with Well Formed Outcomes (video),NLP
"Sex, Stalking and NLP Training....",NLP
Nlp and hypnotherapy courses,NLP
The British Bored of NLP - the scam that never quite went away.,NLP
Anybody know a good seminar/ on uptime/downtime?,NLP
Extract date and time from Hindi sentence,NLP
Request: Richard Bandler MP3s.,NLP
"Free NLP audio downloads, over 1000 articles and pages, NLP, Neurology, Hypnosis",NLP
ApexNLP: A natural language event parser for java and android,NLP
The Neuroplastic Brain: Our Malleable Learning Machine,NLP
can you use NLP to cure severe food allergies?,NLP
What is NLP Therapy - Salusacademy,NLP
NLP Edmonton Facebook Group,NLP
NLP Super Confident Now Using 4 NLP Techniques,NLP
Kellie Leitch on Screening for Canadian Values,NLP
What is NLP?,NLP
"NLP in VR - submodalities in VR - ""Once Upon a Beach - Submodalities in Space""",NLP
Kindle Book- NLP Become Super Confident Now Using 4 NLP Techniques,NLP
Sex without bla bla bla. Only Sex,NLP
Time vs Money - You're going to die some day.,NLP
NLP training and certification provider in Bangalore India,NLP
Haley20,NLP
"Women in Science Day: Interview with Nandini Stocker, Google's Conversation Design Lead",NLP
NLP- QUIT SMOKING NOW USING NLP & HYPNOSIS TECHNIQUES FOR FREE,NLP
NLP- LOSE WEIGHT NOW USING POWERFUL NLP TECHNIQUES,NLP
NLP- REMOVE FEAR OF FLYING USING NLP TECHNIQUES,NLP
NLP Trainer in Bangalore,NLP
Fuck me please..,NLP
"Sorry to interrupt, but",NLP
NLP- REMOVE FEAR OF HEIGHT USING NLP TECHNIQUES,NLP
NLP- REMOVE FEAR OF EXAMINATION USING NLP TECHNIQUES,NLP
NLP- BE HAPPY NOW USING SIMPLE NLP TECHNIQUES,NLP
Will уou lеt mе sреak?,NLP
NLP- MANAGE YOUR ANGER WITH NLP,NLP
NLP and Hypnotherapy,NLP
5 SIMPLE NLP TECHNIQUES TO OVERCOME ANXIETY,NLP
Would using an instant-messaging app instead of real-life greatly hinder the effectiveness of NLP?,NLP
3 steps to How YOU can be Limitless - Using NLP not NZT!,NLP
NLP made me feel worse?,NLP
Anchor to the thought of something?,NLP
Quick anger stopper.,NLP
New to NLP.,NLP
NLP in Bangalore,NLP
NLP in India for leadership & leadership,NLP
NLP-LEARN TO ATTRACT MORE LUCK IN YOUR LIFE USING NLP,NLP
"There's 8 guidelines of NLP, here's 4 of them.",NLP
Struggling with using NLP to make people 100% loyal to a group,NLP
Any1 know how to make oneself more humble?,NLP
PNL & Coaching: por qué nos quejamos?,NLP
PNL & Coaching: Qué son los Centros de Interés? (Meta Programas),NLP
Zhuan Falun (Turning The Law Wheel),NLP
New NLP book — I hope it succeeds in being a conversation changer in the NLP community,NLP
How to Combine NLP with Hypnosis to Become a Better Hypnosis,NLP
No Illusion...Only Reality...,NLP
NLP life Training Coaching India,NLP
NLP-Life Training and coaching,NLP
Searching for NLP active forums,NLP
Why do I keep pushing people to change?,NLP
Need your Help Lonely College Student Living in Poverty,NLP
NLP in India,NLP
[Discussion] Is NLP Bullshit?,NLP
NLP trainer training In Bangalore,NLP
Trans human NLP training provider,NLP
How can I use NLP to make me practice NLP during conversation?,NLP
NLP training in India,NLP
"How can I learn how to properly execute NLP patterns, and create my own? =]",NLP
NLP Training in India,NLP
"(I'm from a non-English speaking country) What does it mean if someone uses English when writing or saying something they feel about me/someone in general? Specifically, does it mean they're lying? Does using their non-native language imply dishonesty and falsity of their (emotional) statement?",NLP
NLP certification courses,NLP
Anyone have back issues of Anchor Point?,NLP
NLP+MBTI Live Event at 7 PM CST,NLP
Anybody willing to point me in the right direction?,NLP
"In order to understand a question, your brain has to answer it.",NLP
NLP Seminar with NLP Practitioner,NLP
I’m developing a cognitive behavior change method and need help.,NLP
NLP Training,NLP
Which all emotional states to anchor?,NLP
Instant Confidence: How to Use an NLP Anchor - Alpha Reboot,NLP
Photoreading Whole Mind System,NLP
How to free myself from bad memories using NLP?,NLP
Came across this guide to NLP - a great read for beginners or the curious.,NLP
Train The Trainer Delhi,NLP
NLP Master Practitioner,NLP
"Can NLP change your mental associations? If so, how?",NLP
"Modeling, lost on the wind?",NLP
NLP Seminar,NLP
What can i do with a master nlp practitioner certification (with no hypnotherapy/life coaching certification)?,NLP
Changework partner,NLP
"NLP Professional Courses, Training and Therapy center",NLP
Content (books/websites/etc.) to get over fears?,NLP
NLP Professional Practitioner Training And Courses For Nlp Therapy : Satya prakash : Free Download &amp; Streaming : Internet Archive,NLP
Need help with a girl,NLP
NLP Therapy and training in Goa,NLP
Open NLP Name Finder Model Training Sagar Gole's Blog,NLP
NLP Programming,NLP
NLP Therapy,NLP
Learning from others,NLP
"Made device for reading human thoughts, but it is impossible to publish the discovery. Russia.",NLP
NLP Neuro Linguistic Programming For NLP Training & Imagination,NLP
Could NLP Bring Out And Accentuate These Personality Traits?,NLP
nlp distance learning,NLP
NLP Practitioner Diploma,NLP
Practitioner in Integrative Person-Centred NLP and Hypnotherapy,NLP
What is NLP Therapy?,NLP
Newcomer Requesting Book Recommendation.,NLP
Here is an interesting NLP Discord channel. Has a variety of free content. New people are welcome. NLP Channel.,NLP
"Is anyone familiar with Allen Carr’s? Also, how does it work from a NLP standpoint?",NLP
How can i use nlp to combat procrastination/internet addiction,NLP
Using a combination of NLP & EFT to get rid of Unpleasant Emotions,NLP
New NLP and Hypnosis Channel,NLP
nlp online training,NLP
NLP High-Performance-State Games?,NLP
How to 'learn' to enjoy things?,NLP
NLP therapy,NLP
learning something new is extremely difficult for me,NLP
NLP and hypnotherapy,NLP
Blockade to intimacy,NLP
Recommendation on where to start?,NLP
Notice anything tricky about Michelle Obama’s speech at the DNC?,NLP
Stanford study identifies brain areas altered during hypnotic trances,NLP
"How to use the ""propulsion"" system?",NLP
Maximising Your Personal Potential with NLP and hypnotherapy training,NLP
NFNLP MEMBERS,NLP
Use Stories to Change Minds by Owen Fitzpatrick,NLP
Need some advice on vocabulary quiz distractor generation,NLP
Reprogram your brain,NLP
Any good classes,NLP
Keep checking my spreadsheet,NLP
Firms Working in NLP That Will Hire Entry Level Positions?,NLP
Change How You Feel Now ! - With Anthony Robbins [Must Watch],NLP
can some combination of NLP and game theory skills help in confirming existence of hidden agendas?,NLP
A modern answer to the question: what is NLP?,NLP
nlp training of USA,NLP
So who's here?,NLP
any advice for dealing with amygdala highjacking,NLP
hypnosis and nlp Training,NLP
are there any good NLP technique to recall with clarity an event while discarding any delusion about what happened,NLP
How to make powerful suggestions with NLP,NLP
Future wife,NLP
NLP and hypnotherapy,NLP
What is Modelling in NLP -NLP Training in Bangalore - Living With NLP - Naresh K Singh,NLP
Guilt for not wanting to have children,NLP
Guilty for not wanting to have children,NLP
NLP Resources,NLP
Cómo anclar un sentimiento positivo para usarlo más tarde,NLP
NLP and hypnotherapy,NLP
What NLP tricks should I watch out for?,NLP
NLP techniques from the real-life Wolf of Wall Street,NLP
Any advice or techniques to help get over a crush/infatuation/love for a co-worker I see daily?,NLP
Use nlp to overcome the stress of losing at competitive games,NLP
Outstanding free resource from an Audible audiobook [NLP: The New Technology of Achievement],NLP
How to Start?,NLP
The Science of Hypnosis (NLP = secret hypnosis),NLP
Can someone find or compile a collection of sources that help prove NLPs many nice uses?,NLP
Train The Trainer You have vivid memories of what you have learned with life experiences. This is exactly what you will learn to re-create during your training session when you undergo this immersive ‘Train The Trainer’ programme.,NLP
TTT Gurgaon,NLP
Nietzsche explains Neuro-Linguistic Programming,NLP
Train The Trainer Delhi,NLP
Awesome Movies to Practice and Learn NLP,NLP
Scripting My Brain,NLP
Corporate training using NLP is my cup of tea - Ramasubramanian,NLP
How to be Happy and the Moral Values to Success?,NLP
NLP Trainings in Delhi,NLP
If you think doubt is a indication of a limiting belief you set people up for the greatest possible disappointment,NLP
"I had the most INSANE motivation to achieve goals I've been procrastinating on, and now it's all but gone. Please help.",NLP
NLP Courses,NLP
Remove Negative People From Your Life,NLP
Remove Negative People From Your Life,NLP
Remove Negative People From Your Life,NLP
"How to make a thought automatic, self-sustaining and even intrusive?",NLP
Do you want to eliminate negative thoughts? Reinforce positive thoughts instead,NLP
NLP Training in Delhi,NLP
Is it possible to use NLP completely covertly and through text ? I am very curious about this application and would like to hear your insights and experiences .,NLP
How to Use Conversational Programming and Get What You Want Everytime,NLP
Sleep Fast With NLP Training in Delhi,NLP
Here is Why One Should Consider a NLP Training,NLP
NLP Training in Delhi : Success Maximum,NLP
The power of influence by Tony Robbins - Lots of NLP concepts and gold nuggets,NLP
Unlimited motivation using motivation direction,NLP
NLP Training in Delhi – NLPintensive,NLP
"White, black, lush big Ass for s...x. Here MwO8PrTf",NLP
NLP Coach Training in Delhi,NLP
Coaching with NLP | NLP courses | NLP training,NLP
NLP New Code Vs NLP Classic code,NLP
Tips To Study NLP Training Successful Way,NLP
Getting Motivated With NLP [4 exercises],NLP
Everyone Does his Best NLP Practitioner Certification,NLP
Tips To Study NLP The Successful Way,NLP
I've met a wonderful girl on here Dh6AxV,NLP
I found a match on this site who has become very special to me. HeIgffy08,NLP
Top Practical Uses For NLP,NLP
Everyone Does his Best NLP Training,NLP
"NLP Slack channel - Experfy's Data Discourse for Data Science, IoT, and Big Data experts. Click here for an invite and join in the conversation!",NLP
Resources on face-to-face sales?,NLP
NLP Training in Delhi : BusinessUniv,NLP
NLP Intensive Spring 2016 New Delhi,NLP
Businessuniv : NLP Training in Delhi,NLP
Why does nlp make me feel weird?,NLP
Building Confidence With NLP,NLP
Confidence With NLP Training,NLP
Learning difficulties resources,NLP
Goal Setting With NLP Certification in Delhi,NLP
NLP and meditation: complementary?,NLP
Building Confidence With NLP Training in Delhi,NLP
Confidence With NLP Training in Delhi,NLP
NLP for Minorities?,NLP
Mazda ads with Aaron Paul using NLP?,NLP
6 NLP Techniques You Can Use Right Now,NLP
Blushing on sight - can NLP help?,NLP
NLP India NLP Training in Hindi,NLP
NLP Training/Courses in India,NLP
NLP Training in Delhi,NLP
Richard Bandler in Delhi,NLP
NLP Certification in Delhi,NLP
How to Effortlessly Curve Weed Cravings With NLP[+video],NLP
NLP Training in India,NLP
NLP Training in India,NLP
Richard Bandler in Delhi,NLP
"Help me out here, Want to be a believer in NLP, but",NLP
NLP Certification in Delhi,NLP
NLP Master Practitioners Training,NLP
Register online for NLP Canada courses,NLP
10 Questions with David Snyder,NLP
"Communication, Relationships, & Feelings Question",NLP
NLP Training in Delhi : BusinessUniv,NLP
NLP techniques for rumination / brooding?,NLP
"Looking for an NLP coach in Solano, Napa, Yolo or Sacramento County North California",NLP
Best NLP Trainer in Delhi,NLP
Learning NLP - Newbie question on audio education resources,NLP
NLP- 7 Leadership Tips To Become A Great Leader Using NLP,NLP
NLP Training in Delhi,NLP
NLP Training in New Delhi,NLP
How can one use NLP to break free from addiction?,NLP
Time Travel is Possible… Sort of,NLP
Creating an affirmation for a block of mine,NLP
NLP Training in Delhi,NLP
NLP is an amazing tool to use in Various aspects,NLP
Paper on pseudo-profound bullshit - a lot of interesting NLP concepts behind this...,NLP
Best NLP Trainer in Delhi,NLP
NLP Training in Delhi,NLP
NLP Training in Delhi,NLP
Training processes for self development using NLP?,NLP
NLP Trainers in Delhi,NLP
NLP Training in New Delhi,NLP
Free course - Unconscious Influence & Persuasion - NLP,NLP
Free course - Unconscious Influence & Persuasion - NLP,NLP
Best NLP Trainer,NLP
NLP Training in Delhi,NLP
NLP Training in New Delhi,NLP
Best NLP Trainer,NLP
NLP Training in Delhi,NLP
NLP Training in New Delhi,NLP
NLP Training in Delhi,NLP
NLP Certifications in Delhi,NLP
NLP Training in Delhi,NLP
Remove Fear Of Talking To The Opposite Sex Using NLP,NLP
"Among my most popular courses, here are 2 courses of $29 each for FREE.",NLP
7 Resim 7 Söz,NLP
Sözün Özü,NLP
"Looking for communication advice: How to phrase it, when something is not true?",NLP
How To Choose a NLP Training in Delhi,NLP
NLP is an Amazing tool,NLP
2 powerful courses using Mind Power Techniques,NLP
How to assess the language register of speech?,NLP
Special Offer get these $49 courses each for FREE only for Today,NLP
Festive season Offer get these $49 courses each for FREE only for Today.,NLP
What are some simple techniques I can use to help someone else be better?,NLP
Short Story by Bandler and Grinder?,NLP
Free Course: NLP- How To Use A Person's Name For Instant Rapport,NLP
Looking for adventures of anybody,NLP
Yes its FREE .. Use the link below and take the course for FREE.,NLP
On huge demand I am offering 100% off on my most popular course.,NLP
On huge demand I am offering 100% off on my most popular course.,NLP
3 powerful courses using NLP & Persuasion & Self Hypnosis Techniques.,NLP
to watch Once Upon a Time Season 5 Episode 3 online free,NLP
Beginer resources for NLP,NLP
Student searching for advice...,NLP
Do we need a name change?,NLP
Japanese NLP,NLP
Where to start?,NLP
"Hypnosis, NLP and EFT. Three powerful therapeutic techniques",NLP
Emotional Intelligence Training,NLP
Everything you need to know to get started with NLP,NLP
"How do I extract relevant, meaningful information from a particular sentence?",NLP
NLP Training in Delhi,NLP
"Looking for strong, bright and creative NLP-minds",NLP
NLP Training in Delhi,NLP
What are some resources to study NLP?,NLP
NLP,NLP
NLP a pseudoscience can it back by science?,NLP
Good NLP Trainer,NLP
"Predictive Analytics, NLP Flag Psychosis with 100% Accuracy",NLP
Does NLP promote victim-blaming?,NLP
Good NLP Trainer,NLP
Having trouble visualizing,NLP
"Predictive Analytics, NLP Flag Psychosis with 100% AccuracyPredictive Analytics, NLP Flag Psychosis with 100% Accuracy",NLP
How to Choose a Good NLP Trainer,NLP
The Effective Communicator,NLP
Help installing and compiling Dada engine,NLP
Feedback from rapport training.,NLP
How do you get information out of a person without them realizing they're giving it to you? [strategy game],NLP
Looking For The Best NLP Trainers?,NLP
Is John Grinder out of the picture?,NLP
Selecting A Good NLP Training,NLP
New to LP. Need Help!,NLP
Best book to learn modeling process?,NLP
Nice talk by Richard Socher on applications of deeplearning for NLP (Fully Tagged and Searchable),NLP
Nice talk by Richard Socher on applications of deeplearning for NLP,NLP
NLP Practitioner Training,NLP
NLP- Get Rid Of Self Sabotage And Become Successful In Life,NLP
NLP was partially based on Gregory Bateson's work for the OSS (became CIA) and MK-ULTRA. Gregory Bateson continued to actively influenced NLP.,NLP
Found this short and concise introductory e-book by an Australian NLP company - It reads easy but not sure if it is a bit too advanced,NLP
Some questions about resource anchoring in NLP?,NLP
Any experts in NLP out there? I want to know How accurate is the article in this link,NLP
'The Who is Who of NLP' - The 10 People Who Started It All and How Each Contributed to the Development of this Field (Does not include Tony Robbins),NLP
Básico de Vendas com PNL – Parte 1 | Marketing de Conteúdo e Vendas,NLP
NLP courses by Pradeep Aggarwal for FREE,NLP
"having trouble with ""the meaning of a communication is in the response you get.""",NLP
Teaching yourself a new language using NLP principles?,NLP
"Got frogs into princeses, it's all coming back to me now. I'm really getting into it",NLP
Hidden Techniques For Creating Chemistry Using NLP,NLP
can you undo a swish pattern?,NLP
"Nlp book recommendations, please also recommend an audio book thanks",NLP
"I'm addicted, can any NLP connoisseur help me?",NLP
Looking for a paper/testimonial of someone with a serious background in psychology who attended a NLP program.,NLP
"I've decided to learn NLP and I'm looking for a recommendation to enrol in Melbourne, Australia",NLP
Asking The Right Questions Can Change Your Life – Exploring The Meta-Model,NLP
I come from a destructive home and I want to change that.,NLP
Can anyone provide links to examples or analysis of NLP as used in real life?,NLP
"Hello, can anyone tell if this person is unintentionnally sending signals that involve deception or lies?",NLP
Need help with NLP Exercises,NLP
NLP-6b/11#Kiểm soát tư duy để có được cảm xúc tích cực,NLP
NLP-6c/11#-Sự liên kết tâm trí- cơ thể.,NLP
NLP-6a/11#-Bí quyết hành động kiên định.,NLP
Which one of these books for a beginner?,NLP
Beginner Here. NLP,NLP
Has anyone tried the Hypnotic Language Shortcut System from the Hypnosis Training Academy?,NLP
"I noticed that every time I sit down to study coursework, I immediately lose interest and end up doing something else",NLP
Transform Your Inner Voice by Pradeep Aggarwal,NLP
Kişisel Gelişim ve NLP konulu yazılar,NLP
Change Your State Of Mind Using NLP and Anchoring Techniques,NLP
A Word is Worth a Thousand Vectors,NLP
Please help me,NLP
What are the best videos and resources available to understand and learn NLP online? ( For free ),NLP
Remove Fear Of Public Speaking Using Simple NLP Techniques,NLP
Change Your State Of Mind Using NLP and Anchoring Techniques,NLP
Books to learn NLP,NLP
Positive thinking with a simple NLP anchor - Nature's Pathways Magazine,NLP
Can overall self behavior improvement be done with NLP?,NLP
Kikidan.com,NLP
How Effective is Hypnosis/NLP for Pain Relief?,NLP
Salespeople – Do You Use Your Own Product?,NLP
traditional nlp basics,NLP
Rollio Hiring: Lead Machine Learning/NLP Engineer (Cross Post),NLP
Help me with my communication,NLP
Know more about How to Structure Sales Incentives for Maximum Motivation,NLP
essential personality traits/qualities of a successful businessperson,NLP
nlp for beginners,NLP
The Truth About the NLP Page on Wikipedia,NLP
Is NLP really used by government secret agents as depicted in the movie Kingsman: The Secret Service?,NLP
free nlp training book,NLP
reasons to learn nlp,NLP
Has NLP helped you in your career?,NLP
Short video on the application of anchoring in the context of memorization. This series may go in to powerful inter/intra-personal applications of anchoring in future videos.,NLP
"NLP mentioned and exemplified in The Kingsman, a movie out tomorrow",NLP
A Consumer's Guide to Good Training* by Connirae and Steve Andreas,NLP
Free NLP Books,NLP
Becoming a better learner,NLP
Decisions and Commitment,NLP
A Nice Introduction To NLP,NLP
The Presuppositions of NLP – Why they are Important for Sales People,NLP
NLP for newbies (not great but good),NLP
NLP Basics By John David,NLP
A few questions about NLP,NLP
I heard NLP can be used as a form of psychotherapy?,NLP
Science Of Persuasion,NLP
Can NLP be used to improve memory?,NLP
How can you find out a person's meta-program through talking to them?,NLP
Train The Trainer,NLP
Motivation Skills For Managers,NLP
How to deal with manipulative person?,NLP
seduction and nlp: getting invited to her place,NLP
Giving away my NLP resources- yours if you'll actually use 'em,NLP
Are there any NLP forums that are very active?,NLP
6 Bad Habits To Guarantee You Suck At Cold Calling,NLP
Mneumonese--The Language of Memory and Logic : conlangs,NLP
AntalyaYaşam Koçluğu Eğitimi,NLP
Antalya NLP Practitioner Eğitimi,NLP
How with NLP techniques reach your 2015 targets in 7 steps!,NLP
NLP SuperFest in Melbourne - What is this??,NLP
The Ultimate course Offer,NLP
Time Line Therapy with Tasneem Kagalwalla,NLP
Techniques for Snoring using NLP???,NLP
Free NLP Practitioner and Associate Coach Program,NLP
Is it immoral to use NLP to seduce a woman?,NLP
Benefits of NLP Sales Training for Small Business,NLP
Unleashing The Power Of NLP For Building Confidence,NLP
How To use NLP Techniques In Sales,NLP
Your NLP Month - NLP Secret Strategies Revealed,NLP
1 month of FREE NLP in Business course on Udemy,NLP
Waking up in the morning,NLP
Question about NLP and Eckhart Tolle,NLP
Visualizing the completion of an objective and motivation,NLP
"Found a leading covert hypnosis product that teaching people how to hypnotize someone discreetly, without them knowing about it.",NLP
NLP for sales?,NLP
How Well Do You Feel,NLP
Conflict Solving Using NLP Practitioner Training,NLP
Pradeep Aggarwal's new course “Overcome Shyness Now Using NLP Techniques” can be availed for free using the coupon code - OSNUNT04 Or by simply clicking the link below - https://www.udemy.com/overcome-shyness-now-using-nlp-techniques/?couponCode=OSNUNT04,NLP
New course “Learn to Attract More Luck in Your Life Using NLP” can be availed for free using the coupon code - LAML03 in Udemy Or by simply clicking the link below -https://www.udemy.com/learn-to-attract-more-luck-in-your-life-using-nlp/?couponCode=LAML03,NLP
[PODCAST] How NLP Helps You In The Workplace With NLP co-founder Frank Pucelik,NLP
Is there collection of good reframes?,NLP
[Exclusive Interview] The Real History Of NLP Got Started With Frank Pucelik,NLP
[PODCAST] How To Model Superstars The Right Way Using NLP,NLP
Looking to learn,NLP
[PODCAST] How To Use NLP To Recover And Move Forward In Hard Times,NLP
Does anyone know of or have a utility to building a reddit corpus?,NLP
Who needs help with learning conversational hypnosis?,NLP
Excellency of NLP,NLP
The Best Use Of Google Hangouts Yet - NLP Superfest BrainLab with Judy Rees,NLP
Need NLP analysis of suspect in murder deposition,NLP
Context Specific NLP Uses and Benefits,NLP
NLP Weekly Topic #1,NLP
Systematically assimilating NLP,NLP
Revealed - NLP Co-Founder Goes Down Under,NLP
SECRETS OF BODY LANGUAGE,NLP
SECRETS OF BODY LANGUAGE,NLP
What is Neuro-Linguistic Programming (NLP)?,NLP
How to persuade,NLP
Reading recommendations for children,NLP
I'm pressed for time. Should I learn NLP?,NLP
Thoughts on becoming a NLP Practitioner?,NLP
Re-Program your Mind - The Ten Commandments of NLP,NLP
What NLP-format could help me?,NLP
"(NLP on Self) Problems adding or discerning sensory information to/from ""Beliefs"". Am I just crazy?",NLP
Interesting research on kinesthetic sub modalities with emotion. Mapping feelings in the body.,NLP
[Question] Do you know some psychological methods for oral presentations?,NLP
Ruby - Evolving Dictionary for Normaliser (NLP),NLP
Amazing Conversational Hypnosis,NLP
Chris Howard - Anyone ?,NLP
Where to do NLP?,NLP
Subliminal Suggestion to influence a person's choice of word from millions of possibilities,NLP
[not directly nlp] The best way to win an argument: how do you change someone’s mind if you think you are right and they are wrong?,NLP
I believe I've been programmed by a third party. (Serious),NLP
Classic/influential/hallmark papers in NLP,NLP
Confusing Accessing Cues,NLP
Techniques to find your purpose?,NLP
State manafement? How to control / maintain your state,NLP
What happens when it goes wrong?,NLP
NLP vs Science | NLP Practitioner Certification,NLP
Free Udemy course - 7 Scientifically Proven Steps to Increase Your Influence,NLP
NLP Leadership | NLP Practitioner Certification,NLP
OBSCENELY Powerful Neuro Linguistic Programming Techniques!,NLP
"Using memories to motivate future behaviour: ""Activating a positive motivational memory had a significant effect on students ’ self-reported exercise activity even after controlling for prior attitudes, motivation and exercise activity."" [PDF]",NLP
"This is a long post, I'd like to know if it's possible that the thought of money is an anchor for my bad mood in social get-togethers. Scroll to the bottom of my post for a TL;DR",NLP
Getting great at calibration,NLP
NLP & Leadership - How to overcome being perceived as a weak teamleader,NLP
Decided to try out NLP,NLP
Mengenal NLP (Neuro Linguistic Programming) | Yuki Yusman,NLP
How can I get ideas inside peoples head covertly..,NLP
"""Touch impacts the way we perceive the products and packaging we interact with on a daily basis because of the way we process information metaphorically.""",NLP
"The Science of Positive Thinking: ""positive emotions provide [] an enhanced ability to build skills and develop resources for use later in life""",NLP
"The Science of Positive Thinking: ""positive emotions provide is an enhanced ability to build skills and develop resources for use later in life""",NLP
PLOS ONE: The Motor System Contributes to Comprehension of Abstract Language,NLP
Mirroring -little question,NLP
Ultimate Selling Skill With NLP,NLP
Business Presentation Skill with NLP,NLP
What are the most common obstacles to mastering NLP?,NLP
Getting Unstuck: Powerful strategies for overcoming everyday problems,NLP
What did you feel after your NLP breakthrough?,NLP
Would burning incense every night before sleep anchor the smell as a sleep-trigger or get me hooked on it?,NLP
Program yourself!,NLP
"NLP - ""Because"" Language is Powerful - Jamie Smart",NLP
NLP and Facial Tics?,NLP
"John Grinder ""what is NLP? """,NLP
"""What is the best NLP book for beginners?""",NLP
I really wish this sub-reddit was more active.,NLP
"""10 Ways to Protect Yourself from NLP"" I stumbled upon this and thought it might be worth a chuckle and possibly a discussion.",NLP
Stumbled upon this and thought it might be worth a chuckle and possibly a discussion.,NLP
"State management - A Harvard psychology researcher explains that rather than thinking of success as the source of happiness, we should think of happiness as a source of success--and one that's more under our control than we imagine.",NLP
Scientists Convince People Their Hands Are Rocks - Inkfish,NLP
Number 1 Recommendation When Starting To Learn NLP,NLP
How to use Apple's NLP techniques to lose weight,NLP
Can NLP help you to loss weight?,NLP
Tony Robbins: Why we do what we do,NLP
Any suggestions for a good NLP course in the UK ? (preferably London),NLP
"""What is NLP Modeling and how does it work?""",NLP
HYPNOSIS AND NLP? DOES IT WORK?,NLP
Need help reconditioning association related to sex...,NLP
Why Goal Setting (So Often) Fails,NLP
NLPTimes: Free Resources,NLP
How To Create Learning Magic .. Training Design & Things You're Unlikely To Have EVER Heard Before,NLP
Part 1/4 - John Grinder on 'The Origins of NLP': The early days of NLP,NLP
'Secret Therapy' & How To Time Your Anchors Exactly…,NLP
"""Does doing NLP by yourself from a book actually work?""",NLP
"“If you can change your mind, you can change your life.” ~ William James",NLP
NLP Techniques: How to eliminate unwanted thoughts,NLP
"Tony Robbins UPW Explained, an NLP video analysis.",NLP
Mirroring behavior. What does it imply?,NLP
“Is NLP A Magic Bullet?”,NLP
What Is NLP? by Michael Carroll,NLP
"The little known ""Swiss Army Knife"" Tool of NLP",NLP
Neuro Linquistic Programming,NLP
Neuro Linquitic Programming and Covert Hypnosis,NLP
“Does NLP Work In The Long Term?”,NLP
"""It's not about how smart you are--it's about capturing minds.” ~ Richie Norton",NLP
Looking for NLP techniques to help me get motivated to do my work,NLP
NLP Techniques: How To Use NLP Effectively?,NLP
Does Apple use NLP? - The NLP Knowledge Centre,NLP
Getting Good With The Techniques of NLP: Fixate On Function & Repetition Then Go For Variety...,NLP
Any good recommendations on learning Tonality?,NLP
Would it be possible to be hypnotised to feel the effects of a drug indefinitely? [Serious],NLP
Top 5 Things You Always Want To Do When Using NLP,NLP
How To Use NLP In Business And Life From Master NLP Trainer & Hypnotist Barbara Stepp,NLP
Exclusive Gift - Deep NLP Interviews - Get Inside The Mind Of Some of The Best NLP Trainers Alive Today,NLP
"4 good links, 16 bad links on the NLP Sub. Mods, please help!",NLP
Learn Deep NLP Insights & The Inner Thinking Of Master Trainer Of NLP & DHE Gabe Gurerro,NLP
Exclusive Gift - Deep NLP Interviews - Get Inside The Mind Of Some of The Best NLP Trainers Alive Today,NLP
NLP Exercise to Stay Motivated,NLP
Exclusive Gift - Deep NLP Interviews - Get Inside The Mind Of Some of The Best NLP Trainers Alive Today,NLP
NLP Times | Help Spread The Word!,NLP
Exclusive Gift - Learn Deep Insights Into NLP From A Renowned Master Trainer,NLP
Exclusive Gift - Deep NLP Interviews - Get Inside The Mind Of Some of The Best NLP Trainers Alive Today,NLP
NLP TIMES | Mastering NLP Anchoring Free E-Course,NLP
About us. About coaching with NLP. Who are we and what is our mission st...,NLP
Exclusive Gift - Learn Deep Insights Into NLP From The Co-Founder Of NLP,NLP
The Hypnosis Pill – The Use of Hypnosis as a Medical tool,NLP
Getting Good With The Techniques of NLP: Fixate On Function & Repetition Then Go For Variety...,NLP
Why You Shouldn’t Always Trust Your Senses.,NLP
Hypnosis In Long Term Relationships,NLP
Video NLP Time Line Therapy - Letting go of Negative Emotions by Tad James,NLP
"Learning, Change And The Science Of Pimping Your Brain",NLP
6 Tips To Having A More Fulfilling Life Today,NLP
Free NLP Video Series,NLP
Access Your Free Business Building 101 Report,NLP
Free NLP Videos from NLP Times,NLP
How To Anchor An Audience NLP Style,NLP
How do I get started learning about NLP?,NLP
NLP Interview Techniques: Selling Yourself in a Challenging Market,NLP
Leverage The Power of (Intentional) Rituals,NLP
NLP Spirituality - Cool Things That The Technology Can Do To Help You Grow,NLP
Does NLP Work In The Long Term,NLP
Can NLP Help You To Be A Better Coach?,NLP
Professional Business Coaching- An Effective Guide for Small Business,NLP
Annoying song?,NLP
Working With Clients - 10 Common Traps To Avoid,NLP
The Oda Network,NLP
The Advanced Skills Of NLP,NLP
INTERMEDIATE SKILLS OF NLP,NLP
NLP Times Invites You To Become An Affiliate,NLP
[Nocebo] The UK health industry destroying health with suggestion. Choose to feel healthy regardless of what you do or see depicted. Discredit garbage like this to yourself.,NLP
Remembering the past,NLP
The Opportunities to Apply NLP In Everyday Life Are Nearly Limitless,NLP
advice on visualisation using NLP,NLP
Any recommended reading for learning NLP?,NLP
NLP FOR BEGINNERS,NLP
NLP Times Products,NLP
Ethical Mass Surveillance or Mass Manipulation?,NLP
"Honey, shrink your enemy! Submodalities in action.",NLP
In enkele minuten weet je hoe je meer uit jezelf kunt halen. Overkom obstakels en update je vaardigheden.,NLP
what is NLP,NLP
The Future Of /r/NLP - Just A Thought..,NLP
Call for papers - the 1st ACL Workshop on NLP and Social Dynamics,NLP
Szkolenia NLP,NLP
How leaders influence their environments,NLP
Ultimate Prosperity DNA Upgrade Your Life,NLP
"Inspired by NLP, I've created /r/moodmusic, a place to share music we use to deliberately induce specific mental states. Please subscribe and contribute.",NLP
"Inspired by NLP, I've created /r/musicmood, a place to share music we use to deliberately induce specific mental states. Please subscribe and contribute.",NLP
I've made a quiz app to learn VAK words,NLP
Free NLP Techniques,NLP
Recognized Entrepreneur and Peak Performance Expert,NLP
What is Neuro Linguistic Programming NLP?,NLP
NLP is a Unique Generative Model of Change and Transformation,NLP
Motivational Speaker | Carol Talbot NLP Speaker Dubai,NLP
Richard Bandler book that focuses on handshake induction hypnosis,NLP
Dealing with Rhetorical Condescension?,NLP
Neuro Linguistic Programming-Life-Maximization Spiral in 7 days,NLP
NOOB....NLP or Hypnotherapy as healthcare practitioner?,NLP
Did you know the brain uses its very own language? The language of the brain- Neuro-linguistic Programming (NLP)...,NLP
What are common questions to ask others to access certain memories?,NLP
"Question: in relationships, does one person maintain a leading position while the other paces?",NLP
I keep repeating a thought - I feel messed up,NLP
Understand Depression and Overcoming it Using NLP,NLP
Has anyone tried Design Human Engineering,NLP
The Higherside Chats Podcast: Neuro-linguistic Programming & Tips For Mental Mastery w/ special guest Richard Bandler!,NLP
Analyzing Obama's Syria Speech,NLP
"Generalizations, Deletions and Deletions",NLP
"X-post from AskReddit, where people need schooling badly. ''Redditors who have been hypnotized, is it all a hoax?"" hahahaha",NLP
Who is Really in Control of your Mind? Success through NLP,NLP
In need of good books,NLP
What is NLP and its Benefits?,NLP
Details on the eye gaze technique,NLP
I am skeptical of NLP.,NLP
"Is there NLP going on here? (Obama: ""We Don’t Have A Domestic Spying Program"")",NLP
NLP Melbourne,NLP
Designing SMART Goals for Your Success,NLP
NLP Course Alternatives - Free NLP Training and Learning NLP at Home,NLP
Looking for good NLP teachers in the Denver Area,NLP
How can I break a pattern in my own life,NLP
The NLP View: Lisa Wake Discusses A Post Modern Perspective of NLP,NLP
NLP / Hypnosis in Obama speech analyzed,NLP
Top 5 Precision Language Techniques,NLP
NLP Training and certification in India,NLP
NLP materials,NLP
How to Improve Your Strategies to Improve Your Results,NLP
5 NLP Techniques to Quickly Grow Your Business,NLP
Neuro Linguistic Programming Training,NLP
"NLP is not ""Neuro LINGUISTIC programmin""",NLP
Learn NLP Techniques Online,NLP
How can I use NLP on myself to get rid of the belief that NLP won't work for me.,NLP
Most value for money NLP Training in Malaysia,NLP
The weirdest languages (x-post from /r/linguistics),NLP
NLP Swish Technique,NLP
Most value for money NLP Training in Malaysia,NLP
The NLP View: Pamela Gawler-Wright Discusses NLP in Trauma,NLP
How do you get good at NLP the right way?,NLP
"10 plus 3 Blogs, die du lesen musst, wenn du ein Leben nach eigenem Standard führen willst.",NLP
Benefits of Self Development Through NLP,NLP
Resolving Conflicts With Your Father Using NLP,NLP
10 neue Taktiken für den ambitionierten Chaos-Guerilla | Benedikt Ahlfeld • Ein Leben nach eigenem Standard.,NLP
What Is NLP And How Can It Help Me?,NLP
Carol Talbot as the Best Motivational Speaker Dubai,NLP
Representational systems- BS?,NLP
"Anchoring attempt, good result, but unexpected to say the least..",NLP
Amy Cuddy: Your body language shapes who you are,NLP
Fighting people in the shower,NLP
what are good reads for beginners? what are some good exercises as well?,NLP
Visualization vs suggestions,NLP
Stay rude – Stay rebel! Radikale Ehrlichkeit für ein Leben ohne Bullshit.,NLP
Die Gesetze des Geistes: warum wir ständig programmiert werden und wie wir die Kontrolle über unsere Gedanken zurückgewinnen können.,NLP
48 herausragende Persönlichkeiten verraten ihr Geheimnis für ein Leben nach eigenem Standard.,NLP
Help me removing my inhibitions,NLP
Das Projekt “Gestalter der Zukunft”. Ein Videoblog aus Australien,NLP
So findest du deine Ur-Motivation und lebst deine Bestimmung. Die 7 merkwürdigen Geschenke für Gestalter der Zukunft.,NLP
Advice on how to anchor and use a positive moment during a job interview.,NLP
"Der Chaos-Guerilla: 3 einfache Wege, sich sofort besser zu fühlen und damit allen auf die Nerven zu gehen.",NLP
I was reading about subliminal visual programming and came to the conclusion that a film with the right script would be capable of programming the brain in a positive way...,NLP
"How Does One program him/herself? Also, what are some good resources to work with?",NLP
Spinning feelings,NLP
"Das Geschäft mit den guten Gefühlen: Die Wahrheit über Gurus und die größten Lügen, die sie geheim halten wollen.",NLP
Can someone help me out with an issue I have already pinpointed?,NLP
Hakuna Matata. Bitch. | Benedikt Ahlfeld • Ein Leben nach eigenem Standard.,NLP
"Willkommen zu ,Ein Leben nach eigenem Standard‘. Warum ich will, dass du das hier liest. Regelmäßig.",NLP
Just finished Day 1 at NLP Marin and I loved it.,NLP
"ZHI.at - NLP und Hypnose in Wien, Österreich, Hamburg und München, Deutschland",NLP
wikichallenge entries,NLP
NLP the start,NLP
Just launched an Android NLP app for my mother,NLP
enlp.ro - eNLP,NLP
Reticular Activating System - How NLP and The Law of Attraction works,NLP
"3 Effective Methods Of Persuasion That You Need To Know
",NLP
"NLP Technique – Planning to Succeed
",NLP
"The Five Steps for Success
",NLP
NLP and quit smoking,NLP
Any simple NLP tips to use in a job interview conducted by video conference?,NLP
"Magic Rings of Power, or A Simple Way to Improve Your Golf Game",NLP
Want to learn NLP,NLP
Generating a multiple choice quiz from content to determine a users level of knowledge ,NLP
This maybe a stupid question... But can you actually tell me what NLP looks like in action?,NLP
Is NLP certification a *Legal* requirement for explicitly claiming to use NLP with clients in the USA?,NLP
8 Ways To Maintain Your Productivity After a Long Day at The Office,NLP
"Change: Signed, Sealed, Delivered.",NLP
The Usefulness Of Disassociation,NLP
Nothing Up My Sleeve!,NLP
Lost In Your I's,NLP
Gather Ye Rosebuds,NLP
There’s No Such A Thing As Addiction,NLP
Why humans aren't pythons,NLP
/r/NLP: Apologies all for the absenteeism. I'm back and will now proactively be looking after r/NLP,NLP
Why Not Take a Picture? It Lasts Longer!,NLP
The Personal Engine That Could,NLP
Let the Unconscious do the Heavy Lifting,NLP
Don't Forget To Remember...Every time!,NLP
Misinformation Society: Why People Just Can't Believe The Truth,NLP
Firing Anchors In Austin,NLP
Too Much Of The Wrong Information Can Kill Your Outcomes,NLP
Mismatch Ping Pong,NLP
"If I'm Pointed This Way, It Must Be Lunchtime",NLP
I Love You–I Hate You  Please Make Up My Mind | Bright Mind,NLP
Open Your Mouth Wide And . . .,NLP
Researching a Non-Issue: NLP Doesn't Lie,NLP
Your Life Is Based On A True Story,NLP
This Page Is Intentionally Left Blank,NLP
When Guileful Eyes are Smilin',NLP
"nlp
",NLP
"Testing, Testing: One, Two, Freeze!",NLP
One Key Reason Coaching Fails,NLP
Intensity Makes It Click,NLP
NLP,NLP
How to Dis Your 'Sociation,NLP
Some Big Reasons To Take On Your Client's Experience,NLP
Suggested reading for identifying narrative point of views in fiction?,NLP
Suggested reading on identifying perspective in literature?,NLP
"The A's, An's, and The's of Rapport",NLP
Meaning Maneuvers: Words That Change Minds,NLP
Seeing the World with Innocent Eyes,NLP
What Does A Person Need In Their Life To Be happy?,NLP
Hello NLP community I have some concerns.,NLP
Banishing the Ghosts of Yuckiness Past,NLP
John Grinder: Stealing anchors (and group rapport) from informal leaders,NLP
"John Grinder talk. How language evolved from a mere accounting system for the environment around us, to become a generative force for new maps and possible worlds. And the opposite problem.",NLP
Is there really a modern app for Rapport?,NLP
Good interview with a young Bandler talking about submodalities and the matching and mismatch of physical cues,NLP
The 10 essential habits of positive people,NLP
"Truth may Come from the Heart, but it Comes in at the Eyes",NLP
NLP reading suggestions?,NLP
Doing One Thing Different Can Make All The Difference,NLP
Shouldn't Your Coach Be A Master Of Change?,NLP
What Makes Bright Mind Coaches Unique?,NLP
"""Think Better"" Ad Make You Want To Know More",NLP
Use Your Brain With A New Idea In Mind,NLP
A Question Of Growth: ask this daily question to increase your success!,NLP
NLP Use Online?,NLP
What the hell is NLP? An overview for the... [X-Post from /r/trueplayer],NLP
"What the hell is NLP? An overview for the interested, the confused, and the horny. [X-Post from /r/trueplayer]",NLP
Nlp against Procrastination?,NLP
NLP Advice please...,NLP
NLP advice????,NLP
Does NLP work?,NLP
Dating success predicted by language style (ie. subconcious mirroring of word choice creates raport).,NLP
NLP in job application ?,NLP
A Good Introduction to NLP - I was looking for one and this is the best I could find online,NLP
About the New Behavior pattern,NLP
What is a good technique for placing greater importance on an event?,NLP
Explain nested loops,NLP
What happened to Major Mark Cunningham?,NLP
Anchoring a feeling/ state of mind for 'clumsiness' ,NLP
/r/nlp meetup in London anyone?,NLP
NLP seminar coupon available in my hometown (Perth). Should I bother? /NLP_noob,NLP
hi /r/nlp beginner here,NLP
Interview technique,NLP
Interview technique,NLP
Is anyone familer with any 3-d mind techniques?,NLP
Break up,NLP
NLP = Változás,NLP
Hatékonyság,NLP
Tedd!,NLP
Megtérül-e a befektetés önmagunkba?,NLP
Képzeld el!,NLP
Reframing - egy példa,NLP
Building Rapport Through Power Words - How to Mind Control,NLP
What readings do you recommend to start with?,NLP
Life Coaching Tips - How To Use A Methapor To Coach A Client Through A Mental Block,NLP
Losing to the competition’s 90-100% discount gifts? Try this wicked metaphor,NLP
I'm doing a NLP Practitioner course next week. Any tips?,NLP
Is it possible/wise to self-treat a psychological condition using NLP?,NLP
Can NLP be used to help treat ADHD?,NLP
Why is NLP useful? --->,NLP
"self-made reframing technique - your critique, please?",NLP
anybody want to try something new?,NLP
Using NLP in a non-clinical environment,NLP
mindletics nlp lancashire,NLP
nlplancashire.,NLP
Should I subscribe? Too soon?,NLP
Eye accessing game.  (scroll down),NLP
NLP Training,NLP
NLP - Post your language patterns here for discussion and sharing.,NLP
Is there NLP in this interview?,NLP
"Trainers Training, tips?",NLP
Building resources to syntactically parse the web,NLP
"I learned more about NLP from this than any other reading, video or audio.",NLP
New Edition of Essential NLP Released by Speak First Presentation Skills Experts,NLP
Let's argue: I think NLP is bullshit.,NLP
Neuro-Linguistic Programming: Recommended reading,NLP
Salad Ltd: A series of videos as a taster to NLP,NLP
Neuro-Linguistic Programming: Are there ethics to the practice in business life?,NLP
Top NLP Business Trainer Publishes Leading Edge eBook and DVD ‘A Useful Guide to NLP for Coaches’,NLP
NLP Business Practitioner Course for a business coach,NLP
Timeline therapy works!,NLP
Art Giser Interview: How to Retrieve Your Energy,NLP
"An Evening with Richard Bandler in London, 15th April",NLP
The Basic of Hypnotize Someone Fast,NLP
"To nowy portal stworzony z myślą o dojrzewaniu NLP oraz sceny samorozwoju. Będziemy tu umieszczać informacje na temat nowości książkowych, technologii a także nowości w dziedzinie szkoleń w Polsce tak jak i na świecie.",NLP
Are your words killing you?,NLP
Most Mis-quoted NLP Statistic,NLP
"Neuro-linguistic programming - Wikipedia, the free encyclopedia",NLP
